2,Abbott,Abbott Laboratorie
2,Abbott,Abbott Laboratories
2,Abbott,Abbott Laboratories In
2,Abbott,Abbott Laboratories Inc
2,Abbott,Abbott Mead Vickers Bbdo
2,Abbott,Abbott Mead Vickers PL
4,Accenture,Accenture (Co
4,Accenture,Accenture (Co)
4,Accenture,Accenture Limited
4,Accenture,Accenture Lt
5,Activision,Activision In
5,Activision,Activision Inc
5,Activision,Activision Incorporate
5,Activision,Activision Incorporated
7,Adobe,Adobe System
7,Adobe,Adobe Systems In
7,Adobe,Adobe Systems Inc
7,Adobe,Adobe Systems Incorporated
7,Adobe,Adobe Theater Compan
7,Adobe,Adobe Theater Company
9,AES,AES COR
9,AES,CAESARS PALACE (LAS VEGA
9,AES,KAESSBOHRE
9,AES,LITTLE CAESAR ENTERPRISES
9,AES,MAESA PETROLEUM INC
9,AES,MAESTRO USA
9,AES,TRANSPORTES AEREOS EJECUTIVOS SA (TAESA)
9,AES,The AES Corporation
10,Aetna,Aetna Financial Service
10,Aetna,Aetna In
10,Aetna,Aetna Inc
10,Aetna,Aetna Incorporate
10,Aetna,Aetna Incorporated
10,Aetna,Aetna Internationa
10,Aetna,Aetna Life & Casualty C
10,Aetna,Aetna Life Insurance C
10,Aetna,Aetna Life Insurance Co
10,Aetna,Aetna Life and Casualty C
10,Aetna,Aetna Life and Casualty Co
10,Aetna,Aetna US Healthcar
10,Aetna,Aetna US Healthcare
11,AFLAC,AFLAC IN
*12,Affiliated,Affiliated Computer Services Incorporated
13,Agilent,Agilent Technologie
13,Agilent,Agilent Technologies
13,Agilent,Agilent Technologies In
13,Agilent,Agilent Technologies Incorporated
15,Akamai,Akamai Technologies In
15,Akamai,Akamai Technologies Inc
16,Alaska,Alaska Airline
16,Alaska,Alaska Airlines
16,Alaska,Alaska Airlines In
17,Albemarle,Albemarle Corp
18,Allergan,Allergan In
18,Allergan,Allergan Incorporated
19,Alliant,Alliant Energy Cor
19,Alliant,Alliant Techsystems In
19,Alliant,Alliant Techsystems Incorporated
20,Alexion,Alexion Pharmaceuticals
20,Alexion,Alexion Pharmaceuticals Incorporated
22,Alliance,Alliance (Co
22,Alliance,Alliance Data System
23,Allstate,Allstate Cor
23,Allstate,Allstate Corp
23,Allstate,Allstate Corporatio
23,Allstate,Allstate Corporation
23,Allstate,Allstate Insurance C
23,Allstate,Allstate Insurance Co
26,Altria,Altria (Co
26,Altria,Altria Grou
26,Altria,Altria Group
26,Altria,Altria Group In
27,Amazon.com,Amazon.com
27,Amazon.com,Amazon.com In
27,Amazon.com,Amazon.com Inc
27,Amazon.com,Amazon.com Incorporate
27,Amazon.com,Amazon.com Incorporated
29,American,American Airline
29,American,American Airlines
29,American,American Airlines In
29,American,American Airlines Inc
30,American,American Electric Power C
31,American,American Express Ban
31,American,American Express C
31,American,American Express Co
31,American,American Express Compan
31,American,American Express Company
31,American,American Express Publishing
31,American,American Express Trave
32,American,American International Grou
32,American,American International Group
32,American,American International Group In
32,American,American International Group Inc
32,American,American International Group Incorporate
32,American,American International Group Incorporated
33,American,American Tower Cor
34,American,American Water Works Co In
35,Ameriprise,Ameriprise Financia
38,Amgen,Amgen In
38,Amgen,Amgen Inc
38,Amgen,Amgen Incorporate
38,Amgen,Amgen Incorporated
39,Amphenol,Amphenol Cor
40,Anadarko,Anadarko Petroleum Cor
40,Anadarko,Anadarko Petroleum Corp
41,Analog,Analog Devices In
41,Analog,Analog Devices Inc
42,Anthem,Anthem Health Syste
42,Anthem,Anthem In
43,Aon,Aon Cor
43,Aon,Aon Corp
43,Aon,Aon Corporatio
43,Aon,Aon Corporation
43,Aon,Aon Group In
43,Aon,Aon Group Inc
44,Apache,Apache Cor
45,Apartment,Apartment (NYC Shop)
46,Apple,Apple Computer In
46,Apple,Apple Computer Inc
46,Apple,Apple Computer Incorporate
46,Apple,Apple Computer Incorporated
46,Apple,Apple Core Hotel
46,Apple,Apple Corp
46,Apple,Apple In
46,Apple,Apple Inc
47,Applied,Applied Materials In
47,Applied,Applied Materials Inc
47,Applied,Applied Materials Incorporate
48,Archer-Daniels-Midland,Archer-Daniels-Midland Co
52,AT&T,AMERICAN TELEPHONE & TELEGRAPH CO INC (AT&T
52,AT&T,AMERICAN TELEPHONE & TELEGRAPH CO INC (AT&T)
52,AT&T,AT&T BELL LABORATORIE
52,AT&T,AT&T BELL LABORATORIES
52,AT&T,AT&T CAPITAL COR
52,AT&T,AT&T CHIN
52,AT&T,AT&T COR
52,AT&T,AT&T CORP
52,AT&T,AT&T Cor
52,AT&T,AT&T Corp
52,AT&T,AT&T Corporatio
52,AT&T,AT&T Corporation
52,AT&T,AT&T MICROELECTRONICS
52,AT&T,AT&T NETWORK SYSTEMS
52,AT&T,AT&T NETWORK SYSTEMS INTERNATIONA
52,AT&T,AT&T PARADYN
52,AT&T,AT&T Wireless Grou
52,AT&T,AT&T Wireless Services Incorporate
53,Autodesk,Autodesk
53,Autodesk,Autodesk In
54,Automatic,Automatic Data Processing In
58,Avery,Avery Publishing Group
59,Baker,Baker Hughes In
60,Ball,Ball Cor
61,Bank,Bank of Americ
61,Bank,Bank of America
61,Bank,Bank of America Cor
61,Bank,Bank of America Corp
61,Bank,Bank of America Corporatio
61,Bank,Bank of America Corporation
62,L,MELLON BANK
62,L,MELLON BANK COR
62,L,MELLON BANK CORP
64,Baxter,Baxter International In
64,Baxter,Baxter International Inc
65,BB&T,BB&T Corporation
66,Becton,Becton Dickinson & C
66,Becton,Becton Dickinson & Co
67,Bed,Bed Bath & Beyond
67,Bed,Bed Bath & Beyond Incorporate
69,Best,Best Buy C
69,Best,Best Buy Co
69,Best,Best Buy Company Incorporate
69,Best,Best Buy Company Incorporated
70,BIOGEN,AMERICAN BIOGENETIC SCIENCES INC
70,BIOGEN,BIOGEN IN
70,BIOGEN,BIOGEN INC
72,Block,H & R Block In
72,Block,H & R Block Inc
72,Block,H&R Block Incorporate
72,Block,H&R Block Incorporated
72,Block,H&r Block
72,Block,H&r Block In
73,Boeing,Boeing C
73,Boeing,Boeing Co
73,Boeing,Boeing Cor
73,Boeing,Boeing Corp
73,Boeing,The Boeing Compan
73,Boeing,The Boeing Company
75,Boston,Boston Propertie
75,Boston,Boston Properties In
75,Boston,Boston Properties Inc
76,Boston,Boston Scientific Cor
76,Boston,Boston Scientific Corporatio
76,Boston,Boston Scientific Corporation
76,Boston,Boston Scientific In
77,Bristol-Myers,Bristol-Myers Squib
77,Bristol-Myers,Bristol-Myers Squibb C
77,Bristol-Myers,Bristol-Myers Squibb Co
77,Bristol-Myers,Bristol-Myers Squibb Company
78,Broadcom,Broadcom Cor
78,Broadcom,Broadcom Corp
83,Campbell,Campbell Soup C
83,Campbell,Campbell Soup Co
83,Campbell,Campbell Soup Compan
84,Capital,Capital O
84,Capital,Capital One Financial Cor
84,Capital,Capital One Financial Corp
84,Capital,Capital One Financial Corporatio
85,Cardinal,Cardinal Health In
85,Cardinal,Cardinal Health Inc
88,Carnival,Carnival Cor
88,Carnival,Carnival Corp
88,Carnival,Carnival Cruise Line
88,Carnival,Carnival Cruise Lines
88,Carnival,Carnival Cruise Lines In
88,Carnival,Carnival Cruise Lines Inc
89,Caterpillar,Caterpillar In
89,Caterpillar,Caterpillar Inc
89,Caterpillar,Caterpillar Incorporate
91,CBS,CBS 2 Information Networ
91,CBS,CBS Cor
91,CBS,CBS Corp
91,CBS,CBS Corporatio
91,CBS,CBS Corporation
91,CBS,CBS Digital Medi
91,CBS,CBS IN
91,CBS,CBS INC
91,CBS,CBS NEW
91,CBS,CBS NEWS
91,CBS,CBS New
91,CBS,CBS News
91,CBS,CBS SPORT
91,CBS,CBS SPORTS SAN JOSE STATE UNIVERSIT
91,CBS,CBS Sport
91,CBS,CBS Sports
91,CBS,KCBS-FM (Los Angeles
91,CBS,NEW YORK TIMES/CBS NEWS POL
91,CBS,NEW YORK TIMES/CBS NEWS POLL
91,CBS,WCBS-AM (NYC
91,CBS,WCBS-AM (NYC)
91,CBS,WCBS-F
91,CBS,WCBS-TV (NYC
91,CBS,WCBS-TV (NYC)
92,Celgene,Celgene Cor
92,Celgene,Celgene Corp
92,Celgene,Celgene Corporatio
96,Cerner,Cerner Cor
98,Charles,Charles Schwab Corporatio
98,Charles,Charles Schwab Corporation
99,Charter,Charter Communication
99,Charter,Charter Communications Cor
99,Charter,Charter Communications Corp
99,Charter,Charter Communications In
99,Charter,Charter Communications Inc
99,Charter,Charter Communications Incorporate
100,Chesapeake,Chesapeake Energy Cor
101,Chevron,Chevron Cor
101,Chevron,Chevron Corp
101,Chevron,Chevron Texaco In
101,Chevron,ChevronTexaco Corporatio
101,Chevron,Chevrontexaco Cor
101,Chevron,Chevrontexaco Corp
102,Chipotle,Chipotle Mexican Gril
103,Chubb,Chubb Cor
103,Chubb,Chubb Corp
103,Chubb,Chubb Corporation
103,Chubb,Chubb Grou
103,Chubb,Chubb Group
103,Chubb,Chubb Group Insuranc
103,Chubb,Chubb Group Insurance
103,Chubb,Chubb Group of Insurance Companie
104,Church,Abyssinian Baptist Church (NYC)
104,Church,African Methodist Episcopal Church
104,Church,Americans United for Separation of Church and Stat
104,Church,Americans United for Separation of Church and State
104,Church,Baptist Church
104,Church,Baptist Churche
104,Church,Bethany Reformed Church (Nyc)
104,Church,Burned Churches Fun
104,Church,Christian Cultural Center (NYC Church)
104,Church,Church & C
104,Church,Church & Dwight C
104,Church,Church & Dwight Co
105,CIGNA,CIGNA COR
105,CIGNA,CIGNA CORP
108,Cintas,Cintas Corporation
108,Cintas,Cintas Foundatio
109,Cisco,Cisco System
109,Cisco,Cisco Systems
109,Cisco,Cisco Systems In
109,Cisco,Cisco Systems Inc
109,Cisco,Cisco Systems Incorporate
109,Cisco,Cisco Systems Incorporated
110,Citigroup,Citigroup
110,Citigroup,Citigroup Foundatio
110,Citigroup,Citigroup In
110,Citigroup,Citigroup Inc
110,Citigroup,Citigroup Incorporate
110,Citigroup,Citigroup Incorporated
110,Citigroup,Citigroup Venture Capital Equity Partner
110,Citigroup,Citigroup private bank
111,Citizens,Citizens Financial Grou
112,Citrix,Citrix System
112,Citrix,Citrix Systems
112,Citrix,Citrix Systems Inc
113,L,CLOROX C
113,L,CLOROX CO
115,CMS,CMS ENERGY COR
116,Coach,Coach (Leather Goods Co
116,Coach,Coach (Leather Goods Co)
116,Coach,Coach In
116,Coach,Coach Incorporated
116,Coach,Coach U (Co)
116,Coach,Coach Us
116,Coach,Coach Usa In
117,Coca,Coca-Cola Amati
117,Coca,Coca-Cola Amatil Ltd
117,Coca,Coca-Cola Beverage
117,Coca,Coca-Cola C
117,Coca,Coca-Cola Co
117,Coca,Coca-Cola Compan
117,Coca,Coca-Cola Companie
117,Coca,Coca-Cola Company
117,Coca,Coca-Cola Company (Coke
117,Coca,Coca-Cola Company (Coke)
117,Coca,Coca-Cola Enterprise
117,Coca,Coca-Cola Enterprises
117,Coca,Coca-Cola Enterprises Inc
117,Coca,Coca-Cola Fems
117,Coca,Coca-Cola Femsa
117,Coca,Coca-Cola Usa
118,Cognizant,Cognizant Technology Solutions Cor
118,Cognizant,Cognizant Technology Solutions Corp
118,Cognizant,Cognizant Technology Solutions Corporatio
119,Colgate-Palmolive,Colgate-Palmolive C
119,Colgate-Palmolive,Colgate-Palmolive Co
119,Colgate-Palmolive,Colgate-Palmolive Compan
120,Comcast,Comcast Cable Communications In
120,Comcast,Comcast Cablevision In
120,Comcast,Comcast Cablevision Inc
120,Comcast,Comcast Cor
120,Comcast,Comcast Corp
120,Comcast,Comcast Corporatio
120,Comcast,Comcast Corporation
122,ConAgra,ConAgra Foods Incorporated
124,ConocoPhillips,ConocoPhillips
124,ConocoPhillips,ConocoPhillips Inc
125,Consolidated,Consolidated Ediso
125,Consolidated,Consolidated Edison Co of New York
125,Consolidated,Consolidated Edison Co of New York In
125,Consolidated,Consolidated Edison Co of New York Inc
125,Consolidated,Consolidated Edison In
125,Consolidated,Consolidated Edison Incorporated
126,Constellation,Constellation Brands In
126,Constellation,Constellation Brands Incorporate
126,Constellation,Constellation Energy Grou
127,Corning,Corning Consumer Products In
127,Corning,Corning Cor
127,Corning,Corning Corp
127,Corning,Corning In
127,Corning,Corning Inc
127,Corning,Corning Incorporated
128,Costco,Costco
128,Costco,Costco Wholesale (Co
128,Costco,Costco Wholesale Cor
128,Costco,Costco Wholesale Corp
128,Costco,Costco Wholesale Corporatio
128,Costco,Costco Wholesale Corporation
130,Crown,Crown Castle Internationa
132,CSX,CSX CORP
133,Cummins,Cummins Engine C
133,Cummins,Cummins Engine Co
133,Cummins,Cummins Incorporated
134,CVS,CVS Corporatio
134,CVS,CVS Corporation
137,Darden,Darden Restaurant
139,Deere,Deere & C
139,Deere,Deere & Co
140,Delphi,Delphi (Co
140,Delphi,Delphi (Co)
140,Delphi,Delphi Automotive System
140,Delphi,Delphi Automotive Systems Cor
140,Delphi,Delphi Automotive Systems Corporatio
140,Delphi,Delphi Automotive Systme
140,Delphi,Delphi Cor
140,Delphi,Delphi Corp
140,Delphi,Delphi Grou
140,Delphi,Delphi In
141,Delta,Delta Air Line
141,Delta,Delta Air Lines
141,Delta,Delta Air Lines In
141,Delta,Delta Air Lines Inc
141,Delta,Delta Air Lines Incorporate
141,Delta,Delta Air Lines Incorporated
141,Delta,Delta Airline
145,Discover,Discover Card (Co
145,Discover,Discover Financial Service
145,Discover,Discover Financial Services
146,Discovery,Discovery Channe
146,Discovery,Discovery Channel
146,Discovery,Discovery Communication
146,Discovery,Discovery Communications
146,Discovery,Discovery Communications In
149,Dollar,Dollar Tree Stores In
149,Dollar,Family Dollar Discount Stores In
150,Dominion,Dominion Resources In
151,Dover,Dover Street Market (London Store)
151,Dover,Dover Street Market (London)
152,Dow,3 Doors Down (Music Group)
152,Dow,Alliance For Downtown New York
152,Dow,Alliance for Downtown New Yor
152,Dow,Alliance for Downtown New York
152,Dow,Churchill Downs In
152,Dow,Churchill Downs Incorporated
152,Dow,Dow Chemical C
152,Dow,Dow Chemical Co
152,Dow,Dow Chemical Compan
152,Dow,Dow Chemical Company
152,Dow,Dow Corning Cor
152,Dow,Dow Corning Corp
153,Dr,Dr Pepper/seven Up Co
153,Dr,Dr Pepper/seven Up Cos
154,DTE,DTE Energy Compan
155,Du,Dupont C
155,Du,Dupont Co
155,Du,Dupont E I Nemours & Compan
155,Du,Dupont E I Nemours & Company
156,Duke,Duke & C
156,Duke,Duke & Co
156,Duke,Duke Energy C
156,Duke,Duke Energy Cor
156,Duke,Duke Energy Corp
156,Duke,Duke Energy Corporatio
156,Duke,Duke Energy Corporation
156,Duke,Duke Power C
157,Dun,Dun & Bradstreet Cor
157,Dun,Dun & Bradstreet Corporatio
158,E*Trade,E*Trade Group In
159,Eastman,Eastman Chemical C
159,Eastman,Eastman Kodak C
159,Eastman,Eastman Kodak Co
159,Eastman,Eastman Kodak Compan
159,Eastman,Eastman Kodak Company
160,Eaton,Eaton Cor
161,eBay,eBay In
161,eBay,eBay Inc
161,eBay,eBay Incorporate
161,eBay,eBay Incorporated
163,Edison,Edison International In
163,Edison,Southern California Edison C
163,Edison,Southern California Edison Co
163,Edison,Southern California Edison Compan
164,Edwards,Edwards Lifesciences Corporation
165,Electronic,Electronic Art
165,Electronic,Electronic Arts
165,Electronic,Electronic Arts In
165,Electronic,Electronic Arts Inc
165,Electronic,Electronic Arts Intermix
165,Electronic,Electronics Art
166,Emerson,Emerson Electric C
166,Emerson,Emerson Electric Co
168,Entergy,Entergy Cor
168,Entergy,Entergy Corp
168,Entergy,Entergy Corporation
168,Entergy,Entergy Nuclear
168,Entergy,Entergy Nuclear Northeas
168,Entergy,Entergy Nuclear Northeast
168,Entergy,Entergy Power Cor
171,Equifax,Equifax In
171,Equifax,Equifax Incorporate
173,Equity,Equity Funding Corp of Americ
173,Equity,Equity Lifestyle Propertie
173,Equity,Equity Office Properties Trus
173,Equity,Equity Office Properties Trust
174,Essex,Alain Ducasse at the Essex House
174,Essex,Alain Ducasse at the Essex House (NYC)
174,Essex,Essex Street Marke
174,Essex,Essex Street Market
174,Essex,Essex and Sussex Hotel (NJ)
174,Essex,Peabody Essex Museum (Sale
175,Estee,Estee Lauder Companie
175,Estee,Estee Lauder Companies
175,Estee,Estee Lauder In
175,Estee,Estee Lauder Incorporated
177,Exelon,Exelon Cor
177,Exelon,Exelon Corporatio
178,Expedia,Expedia (Co
178,Expedia,Expedia Inc
178,Expedia,Expedia Incorporate
178,Expedia,Expedia Incorporated
178,Expedia,Expedia.com
180,Express,Express Scripts In
180,Express,Express Scripts Inc
180,Express,Express Scripts Incorporate
180,Express,Express Scripts Incorporated
182,Exxon,Exxon Cor
182,Exxon,Exxon Corp
182,Exxon,Exxon Mobi
182,Exxon,Exxon Mobil
182,Exxon,Exxon Mobil Cor
182,Exxon,Exxon Mobil Corp
182,Exxon,Exxon Mobil Corporatio
182,Exxon,Exxon Mobil Corporation
182,Exxon,Exxonmobil Cor
182,Exxon,Exxonmobil Corp
184,Facebook,Facebook.co
184,Facebook,Facebook.com
186,Federal,Federal Realty Investment Trust
187,FedEx,FedEx Cor
187,FedEx,FedEx Corp
187,FedEx,FedEx Corporatio
187,FedEx,FedEx Corporation
188,Fidelity,Fidelity National Financial In
189,Fifth,Fifth Third Bancorp
189,Fifth,Fifth Third Bank
191,FirstEnergy,FirstEnergy Corporation
195,Fluor,Fluor Cor
195,Fluor,Fluor Corp
196,FMC,FMC COR
196,FMC,FMC CORP
198,Foot,Foot Locker In
199,Ford,Aston Martin Division of Ford Motor C
199,Ford,Changan Ford Automobile Cor
199,Ford,Ford
199,Ford,Ford Motor C
199,Ford,Ford Motor Co
199,Ford,Ford Motor Co of Canada
199,Ford,Ford Motor Compan
199,Ford,Ford Motor Company
199,Ford,Ford Motor Credit C
199,Ford,Ford of Europ
199,Ford,Henry Ford Museum (Dearbor
199,Ford,Lincoln-Mercury Division of Ford Motor C
199,Ford,Lincoln-Mercury Division of Ford Motor Co
199,Ford,Mercury Division of Ford Motor Co
199,Ford,Spirit of Ford Museum (Dearbor
201,Fortune,Fortune
201,Fortune,Fortune Brands Incorporated
202,Franklin,Franklin Resources In
202,Franklin,Franklin Templeton Grou
202,Franklin,Franklin Templeton Group
202,Franklin,Franklin Templeton Limited Duration Income Trust
203,Freeport-McMoran,Freeport-McMoran In
204,Frontier,Frontier
204,Frontier,Frontier Cor
204,Frontier,Frontier Corp
204,Frontier,Frontier For
205,Gap,Gap In
205,Gap,Gap Inc
205,Gap,Gap Incorporate
205,Gap,Gap Incorporated
206,Garmin,Garmin (Co
206,Garmin,Garmin (Co)
206,Garmin,Garmin Limited
206,Garmin,Garmin Lt
207,General,General Dynamics Cor
207,General,General Dynamics Corporatio
207,General,General Dynamics Corporation
208,General,General Electric C
208,General,General Electric Co
208,General,General Electric Co Pl
208,General,General Electric Compan
208,General,General Electric Company
208,General,General Electric Cor
209,General,General Growth Properties Inc
210,General,General Mills In
210,General,General Mills Inc
210,General,General Mills Incorporate
210,General,General Mills Incorporated
211,General,General Motors Acceptance Cor
211,General,General Motors Acceptance Corporation
211,General,General Motors Cor
211,General,General Motors Corp
211,General,General Motors Corporatio
211,General,General Motors Corporation
213,Gilead,Gilead Sciences In
213,Gilead,Gilead Sciences Incorporated
215,Goldman,Goldman Sachs & C
215,Goldman,Goldman Sachs & Co
215,Goldman,Goldman Sachs Europe
215,Goldman,Goldman Sachs Grou
215,Goldman,Goldman Sachs Group
215,Goldman,Goldman Sachs Group In
215,Goldman,Goldman Sachs Group Inc
215,Goldman,Goldman Sachs Group Incorporate
215,Goldman,Goldman Sachs Group Incorporated
215,Goldman,Goldman Sachs Japan
215,Goldman,The Goldman Sachs Group Incorporate
215,Goldman,The Goldman Sachs Group Incorporated
216,Goodyear,Goodyear Tire & Rubber C
216,Goodyear,Goodyear Tire & Rubber Co
216,Goodyear,Goodyear Tire and Rubber C
218,Halliburton,Halliburton C
218,Halliburton,Halliburton Co
218,Halliburton,Halliburton Compan
218,Halliburton,Halliburton Company
218,Halliburton,Halliburton Corporatio
220,Harley-Davidson,Harley-Davidson Co
220,Harley-Davidson,Harley-Davidson In
220,Harley-Davidson,Harley-Davidson Inc
220,Harley-Davidson,Harley-Davidson Incorporated
221,Harman,Harman International Industries
222,Harris,Harris Cor
223,Hartford,Hartford Financial Services Grou
223,Hartford,Hartford Financial Services Group
223,Hartford,Hartford Fire Insuranc
223,Hartford,Hartford Fire Insurance Royal Indemnit
223,Hartford,Hartford Life Insurance Co
224,Hasbro,Hasbro In
224,Hasbro,Hasbro Inc
224,Hasbro,Hasbro Incorporate
224,Hasbro,Hasbro Incorporated
225,HCA,COLUMBIA-HCA HEALTHCARE COR
225,HCA,COLUMBIA-HCA HEALTHCARE CORP
225,HCA,COLUMBIA/HCA
225,HCA,COLUMBIA/HCA HEALTHCARE COR
225,HCA,COLUMBIA/HCA HEALTHCARE CORP
225,HCA,HCA - The Healthcare Compan
225,HCA,HCA - The Healthcare Company
225,HCA,HCA Inc
225,HCA,HCA-HOSPITAL CORP OF AMERIC
228,Hess,Amerada Hess Cor
228,Hess,O'Gara-Hess & Eisenhardt Armoring Co
229,Hewlett,Hewlett Foundatio
229,Hewlett,Hewlett-Packar
229,Hewlett,Hewlett-Packard
229,Hewlett,Hewlett-Packard C
229,Hewlett,Hewlett-Packard Co
229,Hewlett,Hewlett-Packard Compan
229,Hewlett,Hewlett-Packard Company
230,Hologic,Hologic Incorporated
231,Home,Home Depot In
231,Home,Home Depot Inc
231,Home,Home Depot Incorporate
231,Home,Home Depot Incorporated
232,Honeywell,Honeywell In
232,Honeywell,Honeywell Inc
232,Honeywell,Honeywell Internationa
232,Honeywell,Honeywell International
232,Honeywell,Honeywell International In
232,Honeywell,Honeywell International Incorporated
233,Hormel,Hormel Food Corp
233,Hormel,Hormel Foods Cor
233,Hormel,Hormel Foods Corp
234,Host,Host Marriott Cor
236,Humana,Humana In
236,Humana,Humana Inc
236,Humana,Humana Incorporated
236,Humana,Humana Insurance C
239,Illumina,Illumina (Co
240,Ingersoll-Rand,Ingersoll-Rand C
241,Intel,Intel Cor
241,Intel,Intel Corp
241,Intel,Intel Corporatio
241,Intel,Intel Corporation
242,Intercontinental,Intercontinental Exchang
242,Intercontinental,IntercontinentalExchange Incorporated
242,Intercontinental,Intercontinentalexchang
243,International,International Business Machine
243,International,International Business Machines Cor
243,International,International Business Machines Corp
243,International,International Business Machines Corp (IBM
243,International,International Business Machines Corp (IBM)
243,International,International Business Machines Corporatio
243,International,International Business Machines Corporation
243,International,International Business Machines Corporation International Business Machines Corporation
244,International,International Paper C
244,International,International Paper Co
244,International,International Paper Compan
244,International,International Paper Company
245,Interpublic,Interpublic Group of Co
245,Interpublic,Interpublic Group of Companies In
245,Interpublic,Interpublic Group of Companies Inc
245,Interpublic,Interpublic Group of Companies Incorporate
245,Interpublic,Interpublic Group of Companies Incorporated
245,Interpublic,Interpublic Group of Cos
247,Intuit,Intuit Cor
247,Intuit,Intuit In
247,Intuit,Intuit Inc
247,Intuit,Intuit Incorporated
249,Invesco,Invesco Funds Group In
249,Invesco,Invesco Funds Group Inc
250,Iron,American Iron and Steel Institut
250,Iron,American Iron and Steel Institute
250,Iron,Baoshan Iron and Steel Co
250,Iron,Barking Irons (Company)
250,Iron,Chicago Bridge & Iron Company NV
250,Iron,Iron Mountain Inc
254,Johnson,Johnson & Johnson In
254,Johnson,Johnson & Johnson Inc
254,Johnson,Johnson & Johnson Incorporate
254,Johnson,Johnson & Johnson Incorporated
255,Johnson,Johnson & Johnson In
255,Johnson,Johnson & Johnson Inc
255,Johnson,Johnson & Johnson Incorporate
255,Johnson,Johnson & Johnson Incorporated
256,JPMorgan,JPMorgan Partner
257,Juniper,Juniper Networks In
257,Juniper,Juniper Networks Inc
257,Juniper,Juniper Networks Incorporate
258,Kansas,Country Club Plaza (Kansas City)
258,Kansas,Jazz Museum (Kansas Cit
258,Kansas,Kansas City Southern Industries In
258,Kansas,Kansas City Southern Industries Inc
259,Kellogg,Kellogg Brown & Roo
259,Kellogg,Kellogg C
259,Kellogg,Kellogg Co
261,Kimberly-Clark,Kimberly-Clark Cor
261,Kimberly-Clark,Kimberly-Clark Corp
261,Kimberly-Clark,Kimberly-Clark Corporatio
261,Kimberly-Clark,Kimberly-Clark Corporation
263,Kinder,Kinder Morgan In
263,Kinder,Kinder Morgan Incorporate
263,Kinder,Kinder Morgan Incorporated
263,Kinder,Kinder Morgan Management Llc
265,Kohl's,Kohl's Cor
265,Kohl's,Kohl's Corp
265,Kohl's,Kohl's Department Store
265,Kohl's,Kohl's Department Stores
266,Kraft,Kraft Food
266,Kraft,Kraft Foods
266,Kraft,Kraft Foods Inc
266,Kraft,Kraft Foods Incorporate
266,Kraft,Kraft Foods Incorporated
267,Kroger,Kroger C
267,Kroger,Kroger Compan
269,L-3,L-3 Communication
269,L-3,L-3 Communications
269,L-3,L-3 Communications Holdings In
269,L-3,L-3 Communications Holdings Inc
270,Laboratory,Laboratory Corp of America
270,Laboratory,Laboratory Corp of America Holding
270,Laboratory,Laboratory Corp of America Holdings
270,Laboratory,Laboratory Corporation of America Holding
272,Legg,Legg Mason Capital Managemen
272,Legg,Legg Mason Funds Managemen
272,Legg,Legg Mason Funds Management
272,Legg,Legg Mason In
272,Legg,Legg Mason Inc
272,Legg,Legg Mason Incorporated
272,Legg,Legg Mason Value Trus
272,Legg,Legg Mason Value Trust
272,Legg,Legg Mason Wood Walker
274,Lennar,Lennar Corp
274,Lennar,Lennar Corporation
275,Level,Level 3 Communications In
275,Level,Level 3 Communications Inc
275,Level,Level 3 Communications Incorporated
276,Leucadia,Leucadia National Cor
278,Lincoln,Lincoln National Cor
278,Lincoln,Lincoln National Grou
281,Lockheed,Lockheed Cor
281,Lockheed,Lockheed Marti
281,Lockheed,Lockheed Martin
281,Lockheed,Lockheed Martin Cor
281,Lockheed,Lockheed Martin Corp
281,Lockheed,Lockheed Martin Corporatio
281,Lockheed,Lockheed Martin Corporation
282,Loews,Loews Cor
282,Loews,Loews Corp
282,Loews,Loews Hotel
282,Loews,Loews Hotel Cor
282,Loews,Loews Hotels
282,Loews,Loews Miami Beach Hotel (Fla
283,Lowe's,Lowe's Co
283,Lowe's,Lowe's Companie
283,Lowe's,Lowe's Companies
285,M&T,M&T Bank Corporatio
287,Macy's,Macy's
287,Macy's,Macy's Eas
288,Mallinckrodt,Mallinckrodt In
289,Marathon,Marathon Oil Co
291,Marriott,Host Marriott Cor
291,Marriott,Marriott
291,Marriott,Marriott Cor
291,Marriott,Marriott Corp
291,Marriott,Marriott Hotel
291,Marriott,Marriott Hotels
291,Marriott,Marriott International In
291,Marriott,Marriott International Inc
291,Marriott,Marriott International Incorporate
291,Marriott,Marriott International Incorporated
291,Marriott,Marriott Marquis
291,Marriott,Marriott Marquis Hotel (NYC)
291,Marriott,Marriott Residence Inn Usa L
291,Marriott,Marriott Seaview Resort (NJ
292,Marsh,Marsh & McLennan Companies Incorporated
292,Marsh,Marsh & McLennan Cos
292,Marsh,Marsh & Mclennan Co
292,Marsh,Marsh & Mclennan Cos
294,Masco,Masco Cor
294,Masco,Mascot Net! (Web Site)
295,Mastercard,Mastercard Internationa
295,Mastercard,Mastercard International
295,Mastercard,Mastercard International In
295,Mastercard,Mastercard International Inc
296,Mattel,Mattel In
296,Mattel,Mattel Inc
296,Mattel,Mattel Incorporated
297,McCormick,McCormick & Co
298,McDonald's,McDonald's Corp
298,McDonald's,McDonald's Corporatio
298,McDonald's,McDonald's Corporation
298,McDonald's,McDonald's Holdings Co
299,McKesson,McKesson HBOC Inc
300,Mead,Mead Cor
300,Mead,Mead Johnson C
301,Medtronic,Medtronic In
301,Medtronic,Medtronic Inc
301,Medtronic,Medtronic Incorporate
301,Medtronic,Medtronic Incorporated
302,Merck,Merck & C
302,Merck,Merck & Co
302,Merck,Merck & Co In
302,Merck,Merck & Co Inc
302,Merck,Merck & Company In
302,Merck,Merck & Company Inc
302,Merck,Merck & Company Incorporate
302,Merck,Merck & Company Incorporated
302,Merck,Merck &DONTSPLIT Company Incorporated
302,Merck,Merck (German Co
302,Merck,Merck Grou
302,Merck,Merck Kga
302,Merck,Merck Research Laboratories
302,Merck,Merck of German
302,Merck,Merck of Germany
302,Merck,Merck-Medco Managed Care In
305,Michael,Michael Jordan's Restaurant (Chicago
305,Michael,Michael Jordan's Steak House (NYC Restaurant
305,Michael,Michael Jordan's Steak House (NYC Restaurant)
305,Michael,Michael Jordan-the Steak House
305,Michael,Michael Kors (Nyc Shop)
306,Microchip,Microchip Technology Inc
307,Micron,Micron Electronics In
307,Micron,Micron Electronics Inc
307,Micron,Micron Technology In
307,Micron,Micron Technology Inc
307,Micron,Micron Technology Incorporate
307,Micron,Micron Technology Incorporated
308,Microsoft,Microsoft Cor
308,Microsoft,Microsoft Corp
308,Microsoft,Microsoft Corp.
308,Microsoft,Microsoft Corporatio
308,Microsoft,Microsoft Corporation
310,Molson,Molson Breweries
310,Molson,Molson Coor
310,Molson,Molson Coors Brewing C
310,Molson,Molson Coors Brewing Compan
310,Molson,Molson In
310,Molson,Molson Inc
310,Molson,Molson Incorporated
312,Monsanto,Monsanto C
312,Monsanto,Monsanto Co
312,Monsanto,Monsanto Company
314,Moody's,Moody's Corporation
314,Moody's,Moody's Economy.com
314,Moody's,Moody's Investors Servic
314,Moody's,Moody's Investors Service
314,Moody's,Moody's Investors Service In
314,Moody's,Moody's Investors Service Inc
315,Morgan,Morgan Stanle
315,Morgan,Morgan Stanley
315,Morgan,Morgan Stanley & C
315,Morgan,Morgan Stanley & Co
315,Morgan,Morgan Stanley Capital Group
315,Morgan,Morgan Stanley Capital International
315,Morgan,Morgan Stanley Dean Witte
315,Morgan,Morgan Stanley Dean Witter
315,Morgan,Morgan Stanley Dean Witter & C
315,Morgan,Morgan Stanley Dean Witter & Co
315,Morgan,Morgan Stanley Dean Witter & Compan
315,Morgan,Morgan Stanley Dean Witter & Company
315,Morgan,Morgan Stanley Dean Witter &DONTSPLIT Company
315,Morgan,Morgan Stanley Group In
315,Morgan,Morgan Stanley Group Inc
317,Motorola,Motorola Cor
317,Motorola,Motorola Corp
317,Motorola,Motorola In
317,Motorola,Motorola Inc
317,Motorola,Motorola Incorporate
317,Motorola,Motorola Incorporated
319,Mylan,Mylan Laboratories In
320,NASDAQ,NASDAQ STOCK MARKE
320,NASDAQ,NASDAQ STOCK MARKET
324,Netflix,Netflix (Co
324,Netflix,Netflix (Co)
324,Netflix,Netflix In
324,Netflix,Netflix Inc
324,Netflix,Netflix Incorporate
324,Netflix,Netflix Incorporated
324,Netflix,Netflix.Com
324,Netflix,Netflix.co
324,Netflix,Netflix.com
325,Newell,Harrison Young Pesonen & Newell In
325,Newell,Interbrand Newell & Sorrel
325,Newell,Newell C
325,Newell,Newell Rubbermaid In
325,Newell,Newell Rubbermaid Inc
325,Newell,Newell Rubbermaid Incorporated
327,Newmont,Newmont Mining Cor
327,Newmont,Newmont Mining Corp
327,Newmont,Newmont Mining Corporatio
328,News,News Cor
328,News,News Corp
328,News,News Corporation Limite
328,News,News Corporation Limited
329,News,News Cor
329,News,News Corp
329,News,News Corporation Limite
329,News,News Corporation Limited
331,Nielsen,Nielsen Compan
331,Nielsen,Nielsen Edi Inc
331,Nielsen,Nielsen Media Researc
331,Nielsen,Nielsen Media Research
331,Nielsen,Nielsen Media Research Incorporated
331,Nielsen,Nielsen Media Research Internationa
331,Nielsen,Nielsen NetRatings
331,Nielsen,Nielsen Netratings
331,Nielsen,Nielsen SoundSca
331,Nielsen,Nielsen Soundsca
331,Nielsen,Nielsen Soundscan
331,Nielsen,Nielsen-Kellerman Co
331,Nielsen,Nielsen/NetRatings
331,Nielsen,Nielsen/net Rating
331,Nielsen,Nielsen/net Ratings
331,Nielsen,Nielsen/netrating
331,Nielsen,Nielsen/netratings
332,Nike,Nike In
332,Nike,Nike Inc
332,Nike,Nike Incorporate
332,Nike,Nike Incorporated
335,Nordstrom,Nordstrom In
335,Nordstrom,Nordstrom Inc
335,Nordstrom,Nordstrom.com
336,Norfolk,Norfolk Southern Cor
336,Norfolk,Norfolk Southern Corp
337,Northern,Northern Trust Co
337,Northern,Northern Trust Corp
337,Northern,Northern Trust Corporatio
338,Northrop,Northrop Grumma
338,Northrop,Northrop Grumman
338,Northrop,Northrop Grumman Cor
338,Northrop,Northrop Grumman Corp
338,Northrop,Northrop Grumman Corporatio
340,Nucor,Nucor Cor
340,Nucor,Nucor Corporation
341,Nvidia,Nvidia Cor
343,Occidental,Occidental Petroleum Cor
343,Occidental,Occidental Petroleum Corp
343,Occidental,Occidental Petroleum Corporatio
343,Occidental,Occidental Petroleum Corporation
344,Omnicom,Omnicom
344,Omnicom,Omnicom Grou
344,Omnicom,Omnicom Group
344,Omnicom,Omnicom Group Incorporate
344,Omnicom,Omnicom Group Incorporated
345,ONEOK,ONEOK IN
346,Oracle,Oracle Cor
346,Oracle,Oracle Corp
346,Oracle,Oracle Corporatio
346,Oracle,Oracle Corporation
351,Paychex,Paychex Inc
352,PayPal,PayPal Incorporate
352,PayPal,PayPal.co
355,PepsiCo,PepsiCo In
355,PepsiCo,PepsiCo Inc
355,PepsiCo,PepsiCo Incorporate
355,PepsiCo,PepsiCo Incorporated
357,Perrigo,Perrigo C
358,Pfizer,Pfizer In
358,Pfizer,Pfizer Inc
358,Pfizer,Pfizer Incorporate
358,Pfizer,Pfizer Incorporated
360,Philip,Philip Morris Co
360,Philip,Philip Morris Companie
360,Philip,Philip Morris Companies
360,Philip,Philip Morris Companies In
360,Philip,Philip Morris Companies Inc
360,Philip,Philip Morris Companies Incorporate
360,Philip,Philip Morris Companies Incorporated
360,Philip,Philip Morris Cos
360,Philip,Philip Morris Cos Inc
360,Philip,Philip Morris In
360,Philip,Philip Morris Us
363,Pioneer,Pioneer Natural Resource
365,PNC,PNC
365,PNC,PNC BAN
365,PNC,PNC BANK
365,PNC,PNC BANK COR
365,PNC,PNC BANK CORP
365,PNC,PNC Capital Markets
365,PNC,PNC FINANCIAL CORP
365,PNC,PNC Financial Services Group Incorporated
365,PNC,PNC Mortgage
366,Polo,Polo Ralph Lauren Cor
366,Polo,Polo Ralph Lauren Corp
366,Polo,Polo Ralph Lauren Corporation
367,PPG,PPG INDUSTRIES IN
367,PPG,PPG INDUSTRIES INC
370,Priceline.com,Priceline.com
370,Priceline.com,Priceline.com In
370,Priceline.com,Priceline.com LLC
371,Principal,Principal Financial Group Incorporated
372,Procter,Procter & Gamble C
372,Procter,Procter & Gamble Co
372,Procter,The Procter & Gamble Compan
372,Procter,The Procter & Gamble Company
372,Procter,The Procter &DONTSPLIT Gamble Company
373,Progressive,Progressive Auto Insurance
373,Progressive,Progressive Cor
373,Progressive,Progressive Corp
373,Progressive,Progressive Corporation
373,Progressive,Progressive Insuranc
373,Progressive,Progressive Insurance
373,Progressive,Progressive Insurance C
373,Progressive,Progressive Insurance Co
375,Prudential,Prudential Cor
375,Prudential,Prudential Corp Plc
375,Prudential,Prudential Equity Investor
375,Prudential,Prudential Financia
375,Prudential,Prudential Financial In
375,Prudential,Prudential Financial Inc
375,Prudential,Prudential Financial Incorporate
375,Prudential,Prudential Financial Incorporated
375,Prudential,Prudential Healthcar
375,Prudential,Prudential Insurance C
375,Prudential,Prudential Insurance Co
375,Prudential,Prudential Insurance Co of Americ
375,Prudential,Prudential Insurance Co of America
375,Prudential,Prudential Investment Management Inc
375,Prudential,Prudential Life Insurance Co of America
375,Prudential,Prudential Real Estate Investor
375,Prudential,Prudential Securities Group
375,Prudential,Prudential Securities In
375,Prudential,Prudential Securities Inc
376,Public,Public Service Enterprise Grou
376,Public,Public Service Enterprise Group In
377,Public,Public Storage Incorporated
377,Public,Wisconsin Public Service Cor
378,Pulte,Pulte Corp
378,Pulte,Pulte Homes Inc
383,Quest,Quest Diagnostic
383,Quest,Quest Diagnostic Inc
383,Quest,Quest Diagnostics Inc
385,Raytheon,Raytheon C
385,Raytheon,Raytheon Co
385,Raytheon,Raytheon Company
385,Raytheon,Raytheon Cor
385,Raytheon,Raytheon Engineers and Constructors
387,Red,Red Hat In
387,Red,Red Hat Inc
387,Red,Red Hat Softwar
387,Red,Red Hat Software
387,Red,Red Hat Software In
387,Red,Red Hat Software Inc
388,Regeneron,Regeneron Pharmaceuticals
388,Regeneron,Regeneron Pharmaceuticals In
389,Regions,Regions Financial Cor
391,Reynolds,Reynolds American In
392,Robert,Robert Half International Inc
392,Robert,Robert Half International Incorporated
394,Rockwell,Rockwell International Cor
394,Rockwell,Rockwell International Corp
397,Royal,Royal Caribbean Cruise Lin
397,Royal,Royal Caribbean Cruise Line
397,Royal,Royal Caribbean Cruises Lt
397,Royal,Royal Caribbean Cruises Ltd
397,Royal,Royal Caribbean Internationa
397,Royal,Royal Caribbean International
397,Royal,SAS Royal Hotel (Copenhagen)
399,Salesforce.com,Salesforce.com
399,Salesforce.com,Salesforce.com In
401,Schlumberger,Schlumberger Lt
401,Schlumberger,Schlumberger Ltd
403,Seagate,Seagate Technology Holding
403,Seagate,Seagate Technology In
403,Seagate,Seagate Technology Inc
405,Sempra,Sempra Energ
405,Sempra,Sempra Energy
405,Sempra,Sempra Energy Co
406,Sherwin-Williams,Sherwin-Williams C
406,Sherwin-Williams,Sherwin-Williams Co
406,Sherwin-Williams,Sherwin-Williams Compan
408,Simon,Simon Property Grou
408,Simon,Simon Property Group
408,Simon,Simon Property Group Inc
408,Simon,Simon Property Group Incorporated
408,Simon,TBWA/Simons Palme
410,SL,SL Green Realty Cor
412,Southern,Southern Co
412,Southern,Texas Southern Universit
412,Southern,University of Southern Californi
412,Southern,University of Southern California
412,Southern,University of Southern Maine
413,Southwest,Pacific Southwest Airline
413,Southwest,Southwest Airline
413,Southwest,Southwest Airlines
413,Southwest,Southwest Airlines Co
413,Southwest,Southwest Airlines Compan
413,Southwest,Southwest Airlines Company
413,Southwest,Southwest Airlines Pilots Ass
413,Southwest,Southwest Indian Foundation
413,Southwest,Southwest Missouri State University
413,Southwest,Southwest Museum (Los Angeles
413,Southwest,Southwestern Bell Telephone C
413,Southwest,Southwestern Life Insurance Co
413,Southwest,Southwestern Universit
413,Southwest,University of Texas Southwestern Medical Cente
414,Southwestern,Southwestern Bell Telephone C
414,Southwestern,Southwestern Life Insurance Co
414,Southwestern,Southwestern Universit
414,Southwestern,University of Texas Southwestern Medical Cente
415,Spectra,Spectranetics Cor
415,Spectra,Spectrasite Holdings In
416,S&P,S&P/Portfolio Management Dat
417,St,St Jude Children's Research Hospital (Memphis
417,St,St Jude Children's Research Hospital (Memphis)
417,St,St Jude Medical In
417,St,firm Stats Inc
418,Stanley,Stanley Work
418,Stanley,Stanley Works
419,Staples,Staples In
419,Staples,Staples Inc
419,Staples,Staples Incorporated
420,Starbucks,Starbucks Coffee C
420,Starbucks,Starbucks Coffee Co
420,Starbucks,Starbucks Coffee Japa
420,Starbucks,Starbucks Coffee Japan
420,Starbucks,Starbucks Cor
420,Starbucks,Starbucks Corp
420,Starbucks,Starbucks Corporatio
420,Starbucks,Starbucks Corporation
421,State,State Street Balle
421,State,State Street Bank and Trust Co
421,State,State Street Boston Cor
421,State,State Street Cor
421,State,State Street Corporation
421,State,State Street Global Advisor
421,State,State Street Global Advisors
423,Stryker,Stryker Cor
425,Symantec,Symantec Cor
425,Symantec,Symantec Corp
425,Symantec,Symantec Corporatio
427,Sysco,Sysco Cor
429,Target,Target Cor
429,Target,Target Corp
429,Target,Target Corporatio
429,Target,Target Corporation
429,Target,Target Store
429,Target,Target Stores
433,Tesoro,Tesoro Petroleum Cor
434,Texas,Texas Instruments In
434,Texas,Texas Instruments Inc
434,Texas,Texas Instruments Incorporate
434,Texas,Texas Instruments Incorporated
435,Textron,Textron Incorporate
437,L,HERSHEY CHOCOLATE USA
438,L,TRAVELERS COMPANIES
440,Tiffany,Tiffany
440,Tiffany,Tiffany & C
440,Tiffany,Tiffany & Co
440,Tiffany,Tiffany & Compan
440,Tiffany,Tiffany & Company
440,Tiffany,Tiffany &DONTSPLIT Company
441,Time,Time Warner Cabl
441,Time,Time Warner Cable
441,Time,Time Warner Cable Grou
441,Time,Time Warner Cor
441,Time,Time Warner Corp
441,Time,Time Warner Entertainmen
441,Time,Time Warner In
441,Time,Time Warner Inc
441,Time,Time Warner Telecom In
441,Time,Time Warner Telecommunication
442,TJX,TJX Companies Incorporated
444,Total,Total S
445,Tractor,Tractor Supply C
447,Transocean,Transocean In
447,Transocean,Transocean Offshore Inc
449,Twenty-First,Twenty-First Century Kilts
450,Twenty-First,Twenty-First Century Kilts
451,Tyson,Tyson Foods In
451,Tyson,Tyson Foods Inc
451,Tyson,Tyson Foods Incorporated
454,U.S.,U.S. Bancor
454,U.S.,U.S. Bancorp
455,Under,Under Armour Performance Appare
457,Union,Union Pacific (NYC Restaurant
457,Union,Union Pacific Cor
457,Union,Union Pacific Corp
457,Union,Union Pacific Railroa
457,Union,Union Pacific Railroad
457,Union,Union Pacific Resources Group In
457,Union,Union Pacific Restaurant (NYC Restaurant)
459,United,United Health Grou
459,United,United Health Group
459,United,United Healthcare Cor
459,United,United Healthcare Corp
460,United,United Parcel Servic
460,United,United Parcel Service
460,United,United Parcel Service Airlines
460,United,United Parcel Service In
460,United,United Parcel Service Inc
460,United,United Parcel Service Incorporate
460,United,United Parcel Service Incorporated
460,United,United Parcel Service of America In
460,United,United Parcel Service of America Inc
461,United,United Rental
461,United,United Rentals (Co)
462,United,United Technologies Cor
462,United,United Technologies Corp
462,United,United Technologies Corporation
462,United,United Technologies In
462,United,United Technologies Inc
463,Universal,Universal Health Services In
463,Universal,Universal Health Services Inc
464,Unum,Unum Cor
465,Urban,Urban Outfitters In
465,Urban,Urban Outfitters Incorporate
465,Urban,Urban Outfitters Incorporated
467,Valero,Valero Energy Cor
467,Valero,Valero Energy Corporatio
468,Varian,Varian Incorporate
470,Verisign,Verisign (Co
470,Verisign,Verisign In
470,Verisign,Verisign Inc
472,Verizon,Verizon (Co
472,Verizon,Verizon Communication
472,Verizon,Verizon Communications
472,Verizon,Verizon Communications In
472,Verizon,Verizon Communications Inc
472,Verizon,Verizon Cor
472,Verizon,Verizon Corp
472,Verizon,Verizon Foundation
472,Verizon,Verizon Wireles
472,Verizon,Verizon Wireless
472,Verizon,Verizon Wireless In
472,Verizon,Verizon Wireless Inc
473,Vertex,Vertex In
473,Vertex,Vertex Pharmaceuticals In
473,Vertex,Vertex Pharmaceuticals Incorporated
474,Viacom,Viacom Entertainment Grou
474,Viacom,Viacom In
474,Viacom,Viacom Inc
474,Viacom,Viacom Incorporate
474,Viacom,Viacom Incorporated
475,Visa,Visa International In
475,Visa,Visa International Inc
475,Visa,Visa USA In
475,Visa,Visa USA Inc
475,Visa,Visa Us
475,Visa,Visa Usa
475,Visa,Visa Usa In
475,Visa,Visa Usa Inc
476,Vornado,Vornado Realt
476,Vornado,Vornado Realty Trus
476,Vornado,Vornado Realty Trust
477,Vulcan,Vulcan In
478,Wal-Mart,Wal-Mart
478,Wal-Mart,Wal-Mart Stores In
478,Wal-Mart,Wal-Mart Stores Inc
478,Wal-Mart,Wal-Mart Stores Incorporate
478,Wal-Mart,Wal-Mart Stores Incorporated
478,Wal-Mart,Wal-Mart.com Inc
480,The,The Walt Disney Compan
480,The,The Walt Disney Company
481,Waste,Waste Management In
481,Waste,Waste Management Inc
481,Waste,Waste Management Incorporate
481,Waste,Waste Management Incorporated
483,Wells,Wells Fargo & C
483,Wells,Wells Fargo & Co
483,Wells,Wells Fargo & Compan
483,Wells,Wells Fargo & Company
483,Wells,Wells Fargo &DONTSPLIT Company
483,Wells,Wells Fargo Ban
483,Wells,Wells Fargo Bank
485,Western,Western Digital Corporation
486,Western,Western Union Cor
486,Western,Western Union Corp
486,Western,Western Union Financial Services Inc
486,Western,Western companie
488,Weyerhaeuser,Weyerhaeuser C
488,Weyerhaeuser,Weyerhaeuser Company
488,Weyerhaeuser,Weyerhaeuser Cor
489,Whirlpool,Whirlpool Cor
489,Whirlpool,Whirlpool Corp
489,Whirlpool,Whirlpool Corporation
490,Whole,Whole Foods Marke
490,Whole,Whole Foods Market In
490,Whole,Whole Foods Market Inc
490,Whole,Whole Foods Market Incorporate
490,Whole,Whole Foods Market Incorporated
491,Williams,Williams Cos In
492,Willis,Willis Grou
492,Willis,Willis Group
492,Willis,Willis Group Holdings Limite
492,Willis,Willis Group Holdings Lt
493,Wisconsin,Wisconsin Electric Power Co
494,Wyndham,Wyndham Hotel Cor
494,Wyndham,Wyndham Hotel Corp
494,Wyndham,Wyndham International In
494,Wyndham,Wyndham International Inc
494,Wyndham,Wyndham International Incorporate
494,Wyndham,Wyndham Worldwide Cor
495,Wynn,Wynn Las Vegas Resort and Country Club (Las Vegas)
495,Wynn,Wynn Resort
495,Wynn,Wynn Resorts
496,Xcel,Xcel Energ
496,Xcel,Xcel Energy
497,Xerox,Xerox Cor
497,Xerox,Xerox Corp
497,Xerox,Xerox Corporatio
497,Xerox,Xerox Corporation
498,Xilinx,Xilinx Inc
499,XL,XL Capital Assurance
501,Yahoo,Yahoo (Co)
501,Yahoo,Yahoo Digita
501,Yahoo,Yahoo In
501,Yahoo,Yahoo Inc
501,Yahoo,Yahoo Incorporate
501,Yahoo,Yahoo Incorporated
501,Yahoo,Yahoo Japan Cor
501,Yahoo,Yahoo Japan Corp
501,Yahoo,Yahoo! Inc
501,Yahoo,Yahoo! Incorporate
501,Yahoo,Yahoo! Incorporated
501,Yahoo,Yahoo.co
501,Yahoo,Yahoo.com
503,Zimmer,Zimmer Holdings In
503,Zimmer,Zimmer Holdings Incorporate
504,Zions,Zions Bancor
504,Zions,Zions Bancorporatio